TimeStep,Time,Points:0,Points:1,Points:2,Raw Length,Raw Speed,Raw Length:0,Raw Velocity:0,Raw Length:1,Raw Velocity:1,Smoothed:0,Smoothed:1,Smoothed Length,Smoothed Speed,Smoothed Length:0,Smoothed Velocity:0,Smoothed Length:1,Smoothed Velocity:1
0,0.0,2.0,0.0,0,0.0,0.0,0.0,0.0,0.0,0.0,1.9978146853146832,0.0037257517482524294,0.0,0.0,0.0,0.0,0.0,0.0
1,0.00025,2.0,0.0,0,0.0,0.0,0.0,0.0,0.0,0.0,2.006993006993007,-0.010081503496503013,0.016579562304977077,66.31824921990831,0.009178321678323886,36.713286713295545,0.013807255244755443,55.22902097902177
2,0.0005,2.0,0.0,0,0.0,0.0,0.0,0.0,0.0,0.0,1.9960664335664342,0.0019726048951045467,0.0328489057448001,65.0773737592921,0.02010489510489677,43.70629370629153,0.025861363636363002,48.21643356643024
3,0.00075,2.0,0.0,0,0.0,0.0,0.0,0.0,0.0,0.0,1.9938811188811194,0.009643146853146147,0.04082466992160029,31.903056707200754,0.022290209790211568,8.741258741259195,0.0335319055944046,30.6821678321664
4,0.001,2.0,0.0,0,0.0,0.0,0.0,0.0,0.0,0.0,2.0017482517482517,0.004383006993006559,0.05028832940920559,37.85463795042121,0.030157342657343822,31.468531468529015,0.03879204545454419,21.040559440558354
5,0.00125,2.0,0.0,0,0.0,0.0,0.0,0.0,0.0,0.0,2.0078671328672524,-0.007890000000000433,0.06400209646274935,54.85506821417502,0.03627622377634454,24.475524476002875,0.05106505244755118,49.09202797202797
6,0.0015,2.0,0.0,0,0.0,0.0,0.0,0.0,0.0,0.0,1.9813519813520997,-0.01081191142191201,0.09067775627144016,106.70263923476325,0.06279137529149725,106.06060606061085,0.05398696386946276,11.687645687646297
7,0.00175,2.0,0.0,0,0.0,0.0,0.0,0.0,0.0,0.0,1.961242890443008,0.0067277855477859624,0.11736139371049537,106.73454975622082,0.082900466200589,80.43636363636696,0.07152666083916073,70.1587878787919
8,0.002,2.0,0.0,0,0.0,0.0,0.0,0.0,0.0,0.0,2.029435198135319,0.04178195804196048,0.19403593862374666,306.6981796530052,0.1510927738929002,272.76923076924487,0.10658083333333525,140.21668997669806
9,0.00225,2.125,0.12535,0,0.17702435566893046,708.0974226757224,0.125,500.0000000000004,0.12535,501.4000000000004,2.19901794871808,0.08355298368298858,0.36868738544946966,698.6057873028926,0.32067552447566117,678.3310023310444,0.14835185897436334,167.08410256411253
10,0.0025,2.5,0.12533,0,0.5520243562022638,1500.0000021333317,0.5,1499.9999999999986,0.12536999999999998,0.07999999999996892,2.4664864801866275,0.11860475524476227,0.638442908127987,1079.0220907140683,0.5881440559442086,1069.8741258741888,0.18340363053613704,140.20708624709465
11,0.00275,2.875,0.12528,0,0.9270243595355971,1500.000013333335,0.875,1500.0000000000014,0.12541999999999998,0.19999999999997814,2.8091158508160183,0.13612587412588226,0.9815199770567319,1372.3082757149807,0.9307734265735994,1370.5174825175643,0.20092474941725702,70.08447552448
12,0.003,3.1249,0.12534,0,1.176924366738478,999.6000288115221,1.1248999999999998,999.5999999999983,0.12547999999999998,0.24000000000001775,3.1587328671330552,0.13320923076923877,1.3311491590580304,1398.516728005193,1.2803904428906363,1398.4680652681463,0.2038413927739005,11.666573426573946
13,0.00325,3.4999,0.12532,0,1.5519243672718113,1500.0000021333349,1.4998999999999998,1500.0000000000014,0.1255,0.08000000000008008,3.506315617715827,0.12006041958042674,1.678980525870117,1391.3254672483472,1.6279731934734079,1390.3310023310873,0.21699020396271254,52.595244755248174
14,0.0035,3.8749,0.12531,0,1.9269243674051446,1500.000000533332,1.8748999999999998,1499.9999999999986,0.12550999999999998,0.03999999999992895,3.8708121212123516,0.1253102564102639,2.0435148340606246,1458.1372327620295,1.9924696969699327,1457.986013986098,0.2222400407925497,20.999347319348587
15,0.00375,4.2499,0.1253,0,2.3019243675384784,1500.0000005333363,2.2499000000000002,1500.000000000003,0.12552,0.04000000000004004,4.288937995338251,0.12527855477856226,2.4616407093883073,1672.503501310732,2.410595571095832,1672.5034965035977,0.22227174242425132,0.12680652680652227
16,0.004,4.7499,0.12522,0,2.8019243739384785,2000.0000255999985,2.7499000000000002,1999.9999999999982,0.1256,0.3199999999999867,4.705615151515433,0.12524804195804942,2.8783178666827,1666.7086291775688,2.827272727273014,1666.7086247087275,0.22230225524476416,0.12205128205133853
17,0.00425,5.1249,0.12523,0,3.176924374071812,1500.000000533332,3.1249000000000002,1499.9999999999986,0.12561,0.04000000000003997,5.107413286713591,0.12523407925408672,3.2801160021234637,1607.192541763054,3.229070862471172,1607.19254079263,0.22231621794872686,0.055850815850799714
18,0.0045,5.4999,0.12522,0,3.551924374205145,1500.0000005333372,3.4999000000000002,1500.0000000000039,0.12562,0.04000000000004011,5.517388811189141,0.12521818181818928,3.6900915269072376,1639.9020991351001,3.6390463869467222,1639.9020979022055,0.2223321153846243,0.06358974358977604
19,0.00475,5.8749,0.12524,0,3.9269243747384786,1500.0000021333321,3.8749000000000002,1499.9999999999986,0.12564,0.07999999999996892,5.924442424242779,0.12520783216783965,4.097145140092449,1628.214452740844,4.04610000000036,1628.2144522145486,0.22234246503497393,0.041398601398512334
20,0.005,6.3749,0.12517,0,4.4269243796384785,2000.000019599998,4.3749,1999.9999999999982,0.12571,0.27999999999994674,6.327983216783594,0.12519477855478606,4.500685932844392,1614.1631710077697,4.449640792541175,1614.1631701632612,0.22235551864802752,0.05221445221437188
21,0.00525,6.7499,0.12517,0,4.8019243796384785,1499.9999999999986,4.7499,1499.9999999999986,0.12571,0.0,6.743165034965437,0.13042533799534575,4.91590069763587,1660.8590591659101,4.864822610723018,1660.7272727273696,0.22758607808858722,20.922237762238765
22,0.0055,7.1248,0.12517,0,5.176824379638478,1499.6000000000013,5.1248,1499.6000000000013,0.12571,0.0,7.135614219114643,0.11728799533800238,5.308569708268838,1570.676042531876,5.257271794872224,1569.7967365968286,0.2407234207459306,52.54937062937362
23,0.00575,7.4998,0.12516,0,5.551824379771811,1500.000000533332,5.4998,1499.9999999999986,0.12572,0.04000000000003997,7.518162004662454,0.11436484848485537,5.691128661915277,1530.2358145857568,5.639819580420035,1530.191142191241,0.2436465675990776,11.692587412588042
24,0.006,7.8748,0.12517,0,5.9268243799051445,1500.000000533332,5.8748,1499.9999999999986,0.12573,0.04000000000003997,7.869555011655481,0.13712293706294523,6.043257865417813,1408.5168140101403,5.991212587413062,1405.5720279721081,0.26640465617716746,91.03235431235937
25,0.00625,8.2498,0.12515,0,6.301824380438479,1500.0000021333358,6.2498000000000005,1500.0000000000023,0.12575,0.07999999999996892,8.20461794871844,0.16425300699301673,6.379417369950507,1344.6380181307754,6.326275524476021,1340.2517482518329,0.29353472610723896,108.5202797202859
26,0.0065,8.6248,0.2503,0,6.697156547735804,1581.3286691893045,6.6248000000000005,1500.0000000000039,0.2509,500.60000000000133,8.61109230769282,0.19516965034966205,6.787065801003633,1630.5937242125103,6.732749883450401,1625.8974358975252,0.3244513694638843,123.6665734265817
27,0.00675,8.9998,0.2503,0,7.072156547735804,1499.9999999999986,6.9998000000000005,1499.9999999999986,0.2509,0.0,9.10587132867187,0.23686783216784635,7.283598798867754,1986.13199145648,7.227528904429452,1979.1160839162014,0.3661495512820686,166.79272727273704
28,0.007125,9.6248,0.25026,0,7.697156549015804,1666.6666700799988,7.6248000000000005,1666.6666666666652,0.25094000000000005,0.10666666666677325,9.645262937063514,0.2960525407925585,7.826227711604917,1447.0104339657664,7.766920512821095,1438.3776223777134,0.42533425990678075,157.82588966589893
29,0.007625,10.375,0.37532,0,8.457709008481947,1521.1049189322873,8.375,1500.4000000000003,0.37600000000000006,250.12000000000023,10.213802797203407,0.37651123543125786,8.400432530559662,1148.4096379094924,8.335460372960988,1137.079720279787,0.5057929545454801,160.91738927739888
30,0.007875,10.75,0.50041,0,8.853022185722473,1581.2527089621028,8.75,1499.9999999999986,0.50109,500.35999999999945,10.79573519813584,0.4817308391608679,8.991800845794765,2365.47326094041,8.917392773893422,2327.729603729734,0.6110125582750902,420.8784149184398
31,0.008125,11.25,0.62544,0,9.368417665815189,2061.5819203708606,9.25,1999.9999999999982,0.62612,500.11999999999944,11.362196736597413,0.6280466666667041,9.576853831373823,2340.2119423162285,9.483854312354994,2265.846153846288,0.7573283857809263,585.2633100233442
32,0.0085,11.875,0.75043,0,10.005793143928365,1699.667941635135,9.875,1666.6666666666652,0.75111,333.3066666666665,11.816154778555482,0.7478195571096016,10.046346588659226,1251.980686094407,9.937812354313063,1210.55477855485,0.8771012762238238,319.3943745143931
33,0.00875,12.375,0.87541,0,10.521176496783305,2061.5334114197576,10.375,1999.9999999999982,0.87609,499.9199999999995,12.282625641026371,0.8646324242424759,10.527221116433507,1923.498111097123,10.404283216783952,1865.8834498835529,0.9939141433566981,467.2514685314968
34,0.009,12.75,1.0004,0,10.916458042140535,1581.1261814289305,10.75,1500.000000000009,1.00108,499.96000000000276,12.798076923077687,1.0070946620047219,11.06199725030316,2139.1045354786215,10.919734498835268,2061.805128205277,1.1363763811189442,569.8489510489878
35,0.00925,13.125,1.1254,0,11.311742749661583,1581.1388300841913,11.125,1499.9999999999986,1.12608,499.99999999999955,13.268648018648811,1.1670689510490204,11.55901729933764,1988.0801961379202,11.390305594406392,1882.2843822844943,1.2963506701632428,639.8971561771937
36,0.0097188,13.875,1.3754,0,12.102312164703678,1686.368206147812,11.875,1599.8293515358357,1.37608,533.2764505119453,13.728729603730422,1.3337649650350443,12.048366485512538,1043.8335882570357,11.850387179488003,981.4026985529231,1.4630466841492666,355.5802346118255
37,0.0099688,14.25,1.5005,0,12.497628506384615,1581.265366723747,12.25,1499.9999999999986,1.50118,500.3999999999995,14.220571095571945,1.4937652447553333,12.56557837884782,2068.847573341122,12.342228671329526,1967.3659673660904,1.6230469638695557,640.0011188811558
38,0.010219,14.625,1.6255,0,12.892913213905663,1579.8749301400758,12.625,1498.8009592326093,1.62618,499.6003197442031,14.710955710956588,1.6362759440560413,13.07625084767801,2041.057029696997,12.83261328671417,1959.9704851504473,1.7655576631702636,569.5871275008293
39,0.010469,15.125,1.7505,0,13.40830141710787,2061.5528128088395,13.125,2000.000000000012,1.75118,500.000000000003,15.140734265735166,1.7583799533800581,13.523038263839837,1787.14966464732,13.262391841492747,1719.1142191143203,1.8876616724942805,488.4160372960705
40,0.010813,15.625,1.8755,0,13.923689620310077,1498.2215209366452,13.625,1453.4883720930209,1.87618,363.3720930232552,15.56060606060699,1.8702510489511608,13.957558074841781,1263.138985470767,13.68226363636457,1220.5575432320445,1.9995327680653832,325.2066731718095
41,0.011063,16.0,2.0005,0,14.318974327831125,1581.1388300841913,14.0,1499.9999999999986,2.00118,500.00000000000045,15.995046620047574,2.000497668997788,14.411102760314579,1814.1787418911888,14.116704195805156,1737.7622377623381,2.12977938811201,520.9864801865076
42,0.011313,16.375,2.1255,0,14.714259035352173,1581.1388300841913,14.375,1499.9999999999986,2.12618,499.99999999999955,16.413752913753893,2.125511888112015,14.848073600726181,1747.8833616464071,14.535410489511474,1674.8251748252712,2.254793607226237,500.05687645690733
43,0.011563,16.875,2.2505,0,15.22964723855438,2061.5528128088254,14.875,1999.9999999999982,2.25118,499.99999999999955,16.849358974359976,2.2505130536131883,15.301260020881731,1812.7456806221983,14.971016550117557,1742.424242424333,2.3797947727274105,500.00466200469293
44,0.011813,17.25,2.3756,0,15.624963580235317,1581.265366723747,15.25,1499.9999999999986,2.37628,500.3999999999986,17.32138694638798,2.37028111888126,15.788245437331678,1947.941665799787,15.443044522145563,1888.1118881120199,2.499562837995482,479.0722610722855
45,0.012188,17.875,2.5005,0,16.262321415364063,1699.6208936766632,15.875,1666.6666666666729,2.50118,333.06666666666854,17.802447552448612,2.5084442890444385,16.28875354744875,1334.6882936455277,15.924105128206193,1282.8282828283525,2.6377260081586607,368.43512043514454
46,0.012438,18.25,2.6256,0,16.657637757045002,1581.2653667237541,16.25,1499.9999999999986,2.62628,500.3999999999986,18.24446386946496,2.6364013986015555,16.748918133651237,1840.658344809951,16.36612144522254,1768.0652680653834,2.7656831177157777,511.8284382284677
47,0.012688,18.625,2.7507,0,17.05295409872594,1581.2653667237541,16.625,1499.9999999999986,2.75138,500.4000000000004,18.641317016318126,2.7439370629372264,17.160082747001386,1644.6584534005935,16.762974592075707,1587.4125874126705,2.8732187820514485,430.14265734268304
48,0.012938,19.0,2.8757,0,17.448238806246987,1581.138830084184,17.0,1499.9999999999986,2.87638,499.99999999999955,19.0157342657354,2.8287405594407287,17.543983658279824,1535.6036451137513,17.13739184149298,1497.6689976690936,2.958022278554951,339.2139860140088
49,0.013188,19.375,2.8756,0,17.82323881958032,1500.0000533333364,17.375,1499.9999999999986,2.8764800000000004,0.4000000000008438,19.369755244756398,2.92523123543141,17.91091867179056,1467.7400540429476,17.49141282051398,1416.08391608399,3.054512954545632,385.96270396272524
50,0.013438,19.75,3.0007,0,18.21855516126126,1581.2653667237541,17.75,1499.9999999999986,3.0015800000000006,500.4000000000004,19.742132867134046,3.0182027972029775,18.294726963709685,1535.2331676764934,17.863790442891627,1489.5104895105917,3.1474845163171996,371.8862470862693
51,0.013688,20.125,3.1258,0,18.6138715029422,1581.2653667237541,18.125,1499.9999999999986,3.1266800000000003,500.3999999999986,20.11421911422031,3.1030053613055464,18.676354596552372,1526.5105313707452,18.235876689977893,1488.344988345061,3.2322870804197685,339.2102564102754
52,0.013938,20.5,3.2508,0,19.009156210463246,1581.138830084184,18.5,1499.9999999999986,3.2516800000000003,499.99999999999955,20.506701631702853,3.2090988344990263,19.082923596334314,1626.275999127769,18.628359207460434,1569.9300699301646,3.3383805536132485,424.3738927739194
53,0.014188,20.875,3.2507,0,19.38415622379658,1500.0000533333468,18.875,1500.000000000009,3.25178,0.3999999999990702,20.92191142191267,3.3031993006994975,19.50866303263923,1702.9577452196736,19.043568997670253,1660.8391608392837,3.4324810198137197,376.40186480188703
54,0.014438,21.375,3.3757,0,19.899544426998787,2061.5528128088254,19.375,1999.9999999999982,3.37678,499.99999999999955,21.325466200467474,3.3836149184151205,19.920151952134034,1645.9556779792151,19.447123776225055,1614.219114219209,3.5128966375293427,321.6624708624917
55,0.014688,21.75,3.5008,0,20.294860768679726,1581.2653667237541,19.75,1499.9999999999986,3.50188,500.3999999999986,21.73251748251878,3.453814918415124,20.333212221610065,1652.2410779041209,19.85417505827636,1628.2051282052223,3.583096637529346,280.80000000001326
56,0.014938,22.125,3.5007,0,20.66986078201306,1500.0000533333364,20.125,1499.9999999999986,3.5019799999999996,0.39999999999906743,22.14248251748384,3.535702564102775,20.751275513959644,1672.2531693983155,20.264140093241423,1639.8601398602452,3.664984283216997,327.5505827506035
57,0.015188,22.5,3.6258,0,21.065177123694,1581.2653667237541,20.5,1499.9999999999986,3.6270799999999994,500.3999999999986,22.54953379953514,3.6015428904431053,21.16361723485653,1649.3668835875453,20.67119137529272,1628.205128205194,3.7308246095573274,263.3613053613215
58,0.015438,23.0,3.6256,0,21.565177163694,2000.0001599999973,21.0,1999.9999999999982,3.6272799999999994,0.7999999999999112,22.95308857808995,3.6577734265736446,21.571070707645696,1629.8138911566568,21.07474615384753,1614.2191142192373,3.7870551456878667,224.922144522157
59,0.015688,23.375,3.7508,0,21.96052516229776,1581.3919944150414,21.375,1499.9999999999986,3.7524799999999994,500.79999999999944,23.37354312354452,3.7134163170165384,21.99519115757737,1696.4817997266962,21.4952006993021,1681.8181818182707,3.8426980361307606,222.57156177157515
60,0.015938,23.75,3.7507,0,22.335525175631094,1500.0000533333364,21.75,1499.9999999999986,3.752579999999999,0.39999999999906743,23.75291375291517,3.782788578088804,22.38085238849819,1542.6449236832823,21.87457132867275,1517.4825174826042,3.912070297203026,277.48904428906206
61,0.016188,24.125,3.8758,0,22.730841517312033,1581.2653667237541,22.125,1499.9999999999986,3.877679999999999,500.3999999999986,24.122086247087687,3.851583682983913,22.75638014634185,1502.1110313746378,22.243743822845268,1476.6899766900665,3.9808654020981353,275.1804195804366
62,0.016438,24.5,3.8757,0,23.105841530645367,1500.0000533333364,22.5,1499.9999999999986,3.8777799999999987,0.39999999999906743,24.50145687645834,3.9107251748254086,23.140332995642808,1535.8113972038284,22.623114452215923,1517.4825174826183,4.040006893939631,236.56596736598146
63,0.016688,24.875,4.0008,0,23.501157872326306,1581.2653667237541,22.875,1499.9999999999986,4.002879999999998,500.3999999999986,24.916666666668153,3.959053846154082,23.558345950416307,1672.0518190939927,23.038324242425734,1660.8391608392437,4.088335565268304,193.3146853146928
64,0.016938,25.375,4.0007,0,24.001157882326307,2000.0000400000015,23.375,1999.9999999999982,4.002979999999998,0.39999999999906743,25.333333333334846,4.0007053613056005,23.977089260602334,1674.9732407441072,23.454990909092427,1666.6666666667693,4.129987080419823,166.6060606060745
65,0.017188,25.75,4.0006,0,24.37615789565964,1500.0000533333573,23.75,1500.0000000000196,4.003079999999998,0.399999999999073,25.743298368299904,4.042370862471103,24.3891661270742,1648.3074658874914,23.864955944057485,1639.8601398602536,4.171652581585326,166.6620046620139
66,0.017438,26.125,4.1258,0,24.771505894263402,1581.3919944150414,24.125,1499.9999999999986,4.1282799999999975,500.7999999999977,26.1410256410272,4.090735198135443,24.789823202932528,1602.6283034333048,24.26268321678478,1590.9090909091774,4.220016917249665,193.45734265735697
67,0.017688,26.5,4.1257,0,25.146505907596737,1500.0000533333364,24.5,1499.9999999999986,4.128379999999997,0.39999999999906743,26.50000000000158,4.1499151515153985,25.153643017240547,1455.279257232077,24.621657575759162,1435.897435897529,4.279196870629621,236.71981351982276
68,0.017938,26.875,4.2508,0,25.541822249277676,1581.2653667237541,24.875,1499.9999999999986,4.253479999999997,500.3999999999986,26.858974358975964,4.218724242424494,25.519152635982387,1462.0384749673563,24.980631934733545,1435.897435897529,4.348005961538716,275.2363636363808
69,0.018188,27.25,4.2507,0,25.91682226261101,1500.0000533333364,25.25,1499.9999999999986,4.253579999999997,0.39999999999906743,27.256701631703258,4.288083682983938,25.922882391469656,1614.9190219490763,25.37835920746084,1590.9090909091774,4.41736540209816,277.43776223777746
70,0.018438,27.625,4.3759,0,26.31217026121477,1581.3919944150414,25.625,1499.9999999999986,4.378779999999996,500.7999999999977,27.661421911423563,4.338464801865061,26.330726432687126,1631.3761648698758,25.783079487181144,1618.881118881218,4.467746520979283,201.52447552448987
71,0.018688,28.125,4.3757,0,26.81217030121477,2000.0001599999973,26.125,1999.9999999999982,4.378979999999996,0.7999999999981349,28.096445221446892,4.40783589743616,26.771246158879254,1762.0789047685134,26.218102797204473,1740.0932400933143,4.537117616550383,277.48438228439886
72,0.018938,28.5,4.5008,0,27.20748664289571,1581.2653667237541,26.5,1499.9999999999986,4.504079999999996,500.3999999999986,28.501456876458576,4.476624475524742,27.182057927419,1643.2470741589768,26.623114452216157,1620.0466200467347,4.605906194638965,275.1543123543276
73,0.019188,28.875,4.5008,0,27.58248664289571,1499.9999999999986,26.875,1499.9999999999986,4.504079999999996,0.0,28.860431235432955,4.541038461538732,27.54676568987447,1458.8310498218805,26.982088811190536,1435.8974358975147,4.670320180652954,257.65594405595823
74,0.019438,29.25,4.6259,0,27.97780298457665,1581.2653667237541,27.25,1499.9999999999986,4.629179999999995,500.3999999999986,29.217365967367705,4.571017948718222,27.90495722036183,1432.7661219494403,27.339023543125286,1427.7389277389987,4.700299667832444,119.91794871795837
75,0.019625,29.5,4.6258,0,28.227803004576646,1336.898502673789,27.5,1336.8983957219275,4.629279999999995,0.5347593582875247,29.59790209790387,4.628147552447829,28.289757867795977,2057.757472909883,27.71955967366145,2034.9525697121123,4.757429271562051,305.50590229736633
76,0.019875,30.0,4.6257,0,28.727803014576647,2000.0000400000015,28.0,1999.9999999999982,4.629379999999995,0.39999999999906743,29.969696969698756,4.671813053613332,28.664108108459732,1497.40096265502,28.091354545456337,1487.1794871795446,4.801094772727554,174.66200466201073
77,0.02025,30.5,4.7508,0,29.243215480471683,1374.433242386761,28.5,1333.3333333333321,4.754479999999995,333.59999999999906,30.396561771563594,4.753136829837113,29.098650529461874,1158.7797893390443,28.518219347321175,1138.3061383062332,4.882418548951335,216.86340326341715
78,0.0205,30.875,4.8759,0,29.638531822152622,1581.2653667237541,28.875,1499.9999999999986,4.8795799999999945,500.3999999999986,30.928904428906275,4.821042424242712,29.63530672720699,2146.624790980466,29.050562004663856,2129.370629370724,4.9503241433569345,271.622377622396
79,0.02075,31.375,4.8758,0,30.138531832152623,2000.0000400000015,29.375,1999.9999999999982,4.879679999999994,0.39999999999906743,31.530594405596286,4.916072960373254,30.24445501034213,2436.593132540549,29.652251981353867,2406.7599067600418,5.045354679487476,380.12214452216466
80,0.021375,32.25,5.0009,0,31.02242945631506,1414.2361986598971,30.25,1399.9999999999989,5.004779999999994,200.15999999999946,32.12092074592266,4.976633333333631,30.837879602734652,949.4793478280363,30.24257832168024,944.5221445221981,5.105915052447853,96.89659673660307
81,0.021625,32.75,5.0007,0,31.52242949631506,2000.000160000025,30.75,2000.000000000026,5.0049799999999935,0.799999999998146,32.68706293706489,5.032837762238063,31.406804833691933,2275.70092382915,30.808720512822468,2264.568764568936,5.162119481352285,224.81771561773138
82,0.021875,33.125,5.1258,0,31.917745837995998,1581.2653667237541,31.125,1499.9999999999986,5.130079999999993,500.3999999999986,33.16928904429103,5.093710489510794,31.892857821972118,1944.2119531207406,31.290946620048608,1928.9044289045573,5.2229922086250165,243.4909090909263
83,0.022125,33.5,5.1257,0,32.29274585132933,1500.0000533333223,31.5,1499.9999999999986,5.130179999999993,0.39999999999906743,33.537004662006666,5.149933566433874,32.2648468135978,1487.9559665027232,31.658662237764247,1470.862470862555,5.279215285548096,224.89230769231818
84,0.022375,33.875,5.2509,0,32.68809384993309,1581.3919944150414,31.875,1499.9999999999986,5.255379999999993,500.7999999999977,33.8776223776244,5.215807226107537,32.61177586575608,1387.7162086331214,31.99927995338198,1362.4708624709274,5.345088945221759,263.49463869465217
85,0.022625,34.25,5.2507,0,33.06309390326642,1500.0002133333212,32.25,1499.9999999999986,5.255579999999992,0.7999999999981349,34.226398601400646,5.292505128205443,32.96888568424031,1428.4392739369296,32.34805617715823,1395.1048951049916,5.421786847319665,306.7916083916235
86,0.022875,34.625,5.3759,0,33.45844190187018,1581.3919944150414,32.625,1499.9999999999986,5.380779999999992,500.7999999999977,34.579545454547514,5.375889277389598,33.3317432544007,1451.4302806415444,32.701203030305095,1412.5874125874689,5.5051709965038205,333.5365967366212
87,0.023125,35.0,5.501,0,33.85375824355112,1581.2653667237541,33.0,1499.9999999999986,5.505879999999992,500.4000000000022,35.022435897437994,5.459253613053939,33.7824111552595,1802.6716034352132,33.144093473195575,1771.5617715619187,5.588535332168161,333.457342657361
88,0.023375,35.375,5.5009,0,34.228758256884454,1500.0000533333364,33.375,1499.9999999999986,5.505979999999993,0.40000000000262015,35.50961538461751,5.530632634032964,34.274791919876094,1969.523058466363,33.63127296037509,1948.7179487180679,5.659914353147186,285.51608391609994
89,0.023875,36.125,5.6259,0,34.98910357317173,1520.6906325745551,34.125,1499.9999999999986,5.630979999999993,249.99999999999977,36.0241841491863,5.614858041958376,34.79620819581121,1042.8325518702327,34.14584172494388,1029.1375291375705,5.744139761072598,168.45081585082497
90,0.024125,36.625,5.6258,0,35.48910358317173,2000.0000400000015,34.625,1999.9999999999982,5.631079999999993,0.39999999999906743,36.52826340326558,5.6555627039630405,35.301928240798595,2022.8801799495368,34.649920979023165,2016.317016317144,5.784844423077263,162.81864801865694
91,0.024375,36.875,5.7509,0,35.7686568160273,1118.2129314222768,34.875,999.9999999999991,5.7561799999999925,500.3999999999986,36.98397435897657,5.703896270396609,35.76019520316792,1833.0678494772867,35.10563193473415,1822.8438228439343,5.8331779895108316,193.33426573427542
92,0.024625,37.375,5.7508,0,36.2686568260273,2000.0000400000015,35.375,1999.9999999999982,5.756279999999992,0.39999999999906743,37.37441724941948,5.763936130536474,36.155227398695104,1580.1287821087428,35.49607482517706,1561.7715617716485,5.893217849650696,240.15944055945914
93,0.024875,37.75,5.7507,0,36.64365683936064,1500.0000533333364,35.75,1499.9999999999986,5.756379999999992,0.39999999999906743,37.724650349652606,5.790129836830182,36.50643863819109,1404.844957983953,35.84630792541019,1400.932400932503,5.9194115559444045,104.77482517483229
94,0.025125,38.125,5.8759,0,37.0390048379644,1581.3919944150414,36.125,1499.9999999999986,5.881579999999992,500.7999999999977,38.12266899767127,5.831210489510838,36.90657169630461,1600.53223245407,36.24432657342885,1592.0745920746513,5.96049220862506,164.32261072262108
95,0.025375,38.5,5.8758,0,37.41400485129773,1500.0000533333364,36.5,1499.9999999999986,5.881679999999991,0.39999999999906743,38.51311188811419,5.875793706294058,37.2995517389482,1571.9201705743715,36.63476946387177,1561.771561771677,6.00507542540828,178.33286713288015
96,0.025625,38.875,5.8757,0,37.78900486463107,1500.0000533333573,36.875,1500.0000000000196,5.881779999999991,0.399999999999073,38.86975524475756,5.920385081585435,37.65897193118597,1437.6807689510729,36.991412820515144,1426.5734265735161,6.049666800699657,178.36550116551086
97,0.025875,39.25,6.0009,0,38.18435286323483,1581.3919944150414,37.25,1499.9999999999986,6.006979999999991,500.7999999999977,39.25000000000234,5.956230769231124,38.04090253641937,1527.7224209335984,37.37165757575992,1520.9790209790967,6.085512488345346,143.38275058275573
98,0.026125,39.625,6.0008,0,38.55935287656816,1500.0000533333364,37.625,1499.9999999999986,6.00707999999999,0.39999999999906743,39.62500000000237,6.000821678322035,38.41854436298732,1510.5673062718083,37.746657575759954,1500.0000000001407,6.130103397436257,178.3636363636452
99,0.026375,40.0,6.0008,0,38.93435287656816,1499.9999999999986,38.0,1499.9999999999986,6.00707999999999,0.0,40.00000000000239,6.045412121212481,38.79618613450786,1510.5670860821747,38.12165757575997,1500.0000000000555,6.174693840326703,178.36177156178206
100,0.026625,40.375,6.1259,0,39.3296692182491,1581.2653667237541,38.375,1499.9999999999986,6.13217999999999,500.3999999999986,40.3750000000024,6.081245920746285,39.17289432553779,1506.8327641197059,38.49665757575998,1500.0000000000555,6.210527639860507,143.33519813521522
101,0.026875,40.75,6.1258,0,39.704669231582436,1500.0000533333364,38.75,1499.9999999999986,6.13227999999999,0.39999999999906743,40.760489510491944,6.1258473193476854,39.56095546434799,1552.244555240803,38.882147086249525,1541.9580419581664,6.255129038461908,178.40559440560338
102,0.027125,41.125,6.1258,0,40.079669231582436,1499.9999999999986,39.125,1499.9999999999986,6.13227999999999,0.0,41.10926573426819,6.170455944056312,39.91257284683927,1406.4695299651066,39.23092331002577,1395.1048951049916,6.299737663170534,178.4344988345053
103,0.027375,41.5,6.251,0,40.4750172301862,1581.3919944150414,39.5,1499.9999999999986,6.25747999999999,500.80000000000126,41.47843822844071,6.206290442890813,40.28348043878135,1483.6303677683404,39.60009580419829,1476.6899766900665,6.335572162005035,143.33799533800462
104,0.027625,41.875,6.2509,0,40.85001724351953,1500.0000533333364,39.875,1499.9999999999986,6.257579999999991,0.40000000000262015,41.88840326340577,6.245651048951422,40.69533063873683,1647.4007998218938,40.01006083916335,1639.8601398602452,6.374932768065644,157.44242424243623
105,0.027875,42.25,6.2508,0,41.225017256852865,1500.0000533333364,40.25,1499.9999999999986,6.257679999999991,0.39999999999906743,42.333333333335865,6.308636130536507,41.144696734064766,1797.4643813117536,40.454990909093446,1779.720279720378,6.437917849650729,251.9403263403388
106,0.02825,42.875,6.376,0,41.86243394944885,1699.7778469226228,40.875,1666.6666666666652,6.382879999999991,333.86666666666747,42.796911421913975,6.329000699301077,41.60872190565646,1237.4004575778474,40.91856899767156,1236.2082362082929,6.458282418415299,54.305516705520965
107,0.0285,43.25,6.376,0,42.23743394944885,1499.9999999999986,41.25,1499.9999999999986,6.382879999999991,0.0,43.22872960373219,6.361074125874505,42.041729580924404,1732.0307010717768,41.35038717948977,1727.27272727286,6.490355844988727,128.29370629371073
108,0.02875,43.625,6.3759,0,42.612433962782184,1500.0000533333364,41.625,1499.9999999999986,6.382979999999992,0.40000000000262015,43.63578088578349,6.409501631702014,42.45165148756063,1639.687626544911,41.75743846154107,1628.205128205194,6.538783350816236,193.71002331003578
109,0.029,44.0,6.3759,0,42.987433962782184,1499.9999999999986,42.0,1499.9999999999986,6.382979999999992,0.0,44.002622377622416,6.4258104895104955,42.818855326017726,1468.8153538283743,42.12427995338,1467.3659673557027,6.555092208624718,65.23543123392622
110,0.02925,44.375,6.5011,0,43.382781961385945,1581.3919944150414,42.375,1499.9999999999986,6.508179999999992,500.80000000000126,44.39510489510492,6.416138461538467,43.21145700030669,1570.4066971558448,42.5167624708625,1569.9300699300225,6.564764236596746,38.68811188811346
111,0.0295,44.875,6.3758,0,43.89824300744083,2061.844184219579,42.875,2000.000000000026,6.6334799999999925,501.20000000000726,44.8315850815851,6.393844289044293,43.64850617753617,1748.1967089179534,42.95324265734268,1745.920745920722,6.58705840909092,89.17668997669753
112,0.02975,45.25,6.3758,0,44.27324300744083,1499.9999999999986,43.25,1499.9999999999986,6.6334799999999925,0.0,45.27797202797203,6.396369930069931,44.09490026885822,1785.5763652881917,43.39962960372961,1785.5477855477188,6.589584050116558,10.102564102552938
113,0.03,45.625,6.501,0,44.66859100604459,1581.3919944150414,43.625,1499.9999999999986,6.758679999999993,500.80000000000126,45.618881118881056,6.49246363636363,44.44909373104193,1416.773848734833,43.74053869463864,1363.636363636117,6.685677756410257,384.37482517479503
